{"cameraMode":{"drawMode":0,"name":"Shaded","section":"Shading Mode"},"sceneLighting":true,"audioPlay":false,"sceneViewState":{"m_AlwaysRefresh":false,"showFog":true,"showSkybox":true,"showFlares":true,"showImageEffects":true,"showParticleSystems":true,"showVisualEffectGraphs":true,"m_FxEnabled":true},"in2DMode":false,"pivot":{"x":1.3822321891784669,"y":0.49660933017730715,"z":-0.5137603282928467},"rotation":{"x":-0.2261488437652588,"y":0.10931587964296341,"z":-0.02555183321237564,"w":-0.9676070213317871},"size":0.20154911279678346,"orthographic":false}